test_name,matched_bar_4
test1752,1.2158963680267334
test1138,1.0649585723876953
test3284,1.0408985614776611
test1774,1.0629562139511108
test2637,1.2210774421691895
test3290,1.136704444885254
test3067,1.2493886947631836
test2341,1.010854721069336
test1897,1.0181775093078613
test3232,1.1926064491271973
test195,1.1560943126678467
test1984,1.1377490758895874
test149,1.089754343032837
test1639,1.0302016735076904
test1878,1.1947072744369507
test162,1.147228717803955
test3300,1.2610400915145874
test1740,1.0185539722442627
test999,1.236931324005127
test2310,1.1922833919525146
test2814,1.2753584384918213
test3102,1.1040159463882446
test100,1.140195369720459
test2403,1.167484998703003
test514,1.1227798461914062
test51,1.017872929573059
test2113,1.3341543674468994
test338,1.11045503616333
test541,1.040550708770752
test1432,1.047796368598938
test1793,1.186180591583252
test1554,0.9737274646759033
test992,1.23136568069458
test1369,1.1352183818817139
test1508,1.035141944885254
test63,0.967820942401886
test1245,1.2009811401367188
test805,1.1092861890792847
test1939,1.2391310930252075
test2893,1.327359914779663
test2529,1.2149311304092407
test1502,0.981139600276947
test2071,1.1255484819412231
