test_name,matched_bar_49
test2097,0.9628933668136597
test3205,0.9664044976234436
test264,1.046278476715088
test3158,0.9653433561325073
test1726,0.923330545425415
test1901,0.9173296689987183
test1108,0.8904794454574585
test3342,0.9922922849655151
test1255,1.0313225984573364
test1965,0.9177032709121704
test479,0.9941504001617432
test1385,1.0007760524749756
test3253,0.864946722984314
test2078,0.9297374486923218
test683,1.036726951599121
test2264,1.0242711305618286
test2805,1.0769774913787842
test2717,0.9962435364723206
test2976,0.9120517373085022
test2753,1.0728158950805664
test834,0.9483899474143982
test2277,0.9830142259597778
test2939,1.0366096496582031
test2706,0.9012856483459473
test635,1.0244406461715698
test413,0.9979645013809204
test2226,0.9025014042854309
test176,0.9502707719802856
test27,1.0015076398849487
test1293,0.8702459335327148
test247,0.8540034294128418
test236,0.9278830289840698
test696,0.9448726177215576
test3046,0.9801772832870483
test38,0.8349260091781616
test1384,1.0645074844360352
test3117,1.0052424669265747
test3283,0.9446208477020264
test257,0.9703837633132935
test1637,1.107420802116394
test10,1.0013554096221924
test2174,0.9522672891616821
test365,0.9254767298698425
test1568,0.9198569059371948
test2869,1.1585392951965332
test1184,1.0087538957595825
test1791,0.879450798034668
test3374,1.0505366325378418
test1648,1.0394898653030396
test1859,1.0953854322433472
test2671,0.9086358547210693
test2605,1.0359565019607544
test1389,1.0105493068695068
test2745,0.9303688406944275
test578,1.118605136871338
test1228,1.008087158203125
test1317,0.9656545519828796
test790,1.0068585872650146
test1145,0.8901016116142273
test1417,0.9192336797714233
test2212,0.9000028371810913
test1405,0.9417668581008911
test1564,1.0064233541488647
test3042,1.0563409328460693
test3268,0.979411244392395
test6,1.1068029403686523
test2933,0.965154767036438
test815,0.953053891658783
test598,1.0682713985443115
test3249,1.01047682762146
test597,1.025763988494873
test1924,0.9626642465591431
test82,0.8694733381271362
test341,0.9961200952529907
test1667,0.9569736123085022
test1285,0.945970892906189
test2257,0.9304639101028442
test599,1.027698278427124
test2968,0.9842814207077026
test1925,0.9228678345680237
test547,0.9815136194229126
test34,1.0454717874526978
