test_name,matched_bar_4
test2636,1.1375248432159424
test2635,1.1166956424713135
test2372,1.1393306255340576
test673,1.0610134601593018
test3331,1.4125728607177734
test2659,1.0894886255264282
test3445,0.9499186277389526
test591,1.136397123336792
test1277,0.9957572817802429
test1535,1.3263616561889648
test358,1.0158488750457764
test1737,1.155454158782959
test1927,1.0976247787475586
test783,1.2467000484466553
test2417,1.1787155866622925
test2193,1.0011723041534424
test1244,1.2017252445220947
test853,1.3698463439941406
test2464,1.0993012189865112
test2879,1.0686967372894287
test2864,1.5179111957550049
test3066,0.9387795925140381
test2553,1.2245110273361206
test151,1.266843557357788
test517,0.9747526049613953
test2945,1.2252180576324463
test1346,0.946753978729248
test2831,1.120948076248169
test1314,1.0764888525009155
test731,1.1844485998153687
test2256,1.116875171661377
test1429,1.107412338256836
test3115,1.0392848253250122
test2800,1.0248830318450928
test3337,0.9785043001174927
test1865,1.0670297145843506
test1472,1.1915240287780762
test3447,1.0360393524169922
test2624,1.0086414813995361
test2808,0.9467665553092957
test2276,1.3680766820907593
test2935,0.9637612104415894
test1471,0.9344384074211121
test2218,1.3212673664093018
test1148,1.1971604824066162
test899,1.1672239303588867
test1236,0.904775857925415
test3386,1.2291115522384644
